number,value,datetime_start,datetime_complete,duration,params_learning_rate,params_max_depth,params_max_features,params_min_samples_leaf,params_n_estimators,params_subsample,user_attrs_folds,user_attrs_std,system_attrs_tpe:relative_params:0,state,best_so_far
0,0.4694922799565255,2026-09-28 13:07:23.355630,2026-09-28 13:07:26.414893,0 days 00:00:03.059263,0.08731907739399204,5,,12,250,0.4936111842654619,"[0.461, 0.433, 0.425, 0.579, 0.45]",0.056211195995573886,,COMPLETE,0.4694922799565255
1,0.4135539331080461,2026-09-28 13:07:26.414949,2026-09-28 13:07:28.074542,0 days 00:00:01.659593,0.0032983006724298584,4,sqrt,86,380,0.899465584480253,"[0.305, 0.452, 0.38, 0.48, 0.451]",0.06368664522886346,,COMPLETE,0.4694922799565255
2,0.46078055601315154,2026-09-28 13:07:28.074576,2026-09-28 13:07:30.526547,0 days 00:00:02.451971,0.021928619507738722,3,,2,220,0.7671117368334277,"[0.414, 0.448, 0.447, 0.564, 0.431]",0.052895332774694735,,COMPLETE,0.4694922799565255
3,0.4775828966661108,2026-09-28 13:07:30.526577,2026-09-28 13:07:31.734475,0 days 00:00:01.207898,0.007524347058135698,4,log2,8,300,0.7554487413172255,"[0.472, 0.439, 0.452, 0.553, 0.472]",0.03960455946786269,,COMPLETE,0.4775828966661108
4,0.4588101266181108,2026-09-28 13:07:31.734506,2026-09-28 13:07:31.958874,0 days 00:00:00.224368,0.2560856958860048,5,log2,36,80,0.5827682615040224,"[0.486, 0.423, 0.429, 0.528, 0.427]",0.04187454047349139,,COMPLETE,0.4775828966661108
5,0.3191702122843788,2026-09-28 13:07:31.958908,2026-09-28 13:07:32.169657,0 days 00:00:00.210749,0.003514781217692116,3,sqrt,62,110,0.5552679889600102,"[0.238, 0.221, 0.354, 0.411, 0.371]",0.07539468175234762,,COMPLETE,0.4775828966661108
6,0.44002947063133774,2026-09-28 13:07:32.169686,2026-09-28 13:07:33.418367,0 days 00:00:01.248681,0.2607897453341865,1,,30,350,0.9636993649385135,"[0.389, 0.445, 0.373, 0.528, 0.465]",0.055676895473716306,,COMPLETE,0.4775828966661108
7,0.20304189865457065,2026-09-28 13:07:33.418391,2026-09-28 13:07:33.541433,0 days 00:00:00.123042,0.0036946715170998036,1,log2,3,90,0.6332063738136893,"[0.175, 0.21, 0.242, 0.239, 0.15]",0.03593158729876573,,COMPLETE,0.4775828966661108
8,0.41766743097108777,2026-09-28 13:07:33.541457,2026-09-28 13:07:33.898296,0 days 00:00:00.356839,0.005740764146307686,3,sqrt,35,200,0.44473038620786254,"[0.305, 0.45, 0.411, 0.477, 0.446]",0.0601837176950884,,COMPLETE,0.4775828966661108
9,0.4731354498278419,2026-09-28 13:07:33.898322,2026-09-28 13:07:34.086776,0 days 00:00:00.188454,0.07777426981425474,5,log2,24,50,0.8627622080115674,"[0.464, 0.424, 0.43, 0.548, 0.5]",0.04622967513464181,,COMPLETE,0.4775828966661108
10,0.45820814471673027,2026-09-28 13:07:34.086801,2026-09-28 13:07:35.013999,0 days 00:00:00.927198,0.036233302485834874,3,log2,35,430,0.776402258185451,"[0.448, 0.438, 0.412, 0.528, 0.466]",0.03881156468995228,"{""learning_rate"": 0.036233302485834874, ""max_depth"": 3, ""max_features"": ""log2"", ""min_samples_leaf"": 35, ""n_estimators"": 430, ""subsample"": 0.776402258185451}",COMPLETE,0.4775828966661108
11,0.47237450045111995,2026-09-28 13:07:35.014023,2026-09-28 13:07:35.253099,0 days 00:00:00.239076,0.05825945704395333,5,log2,19,60,0.8969761647505261,"[0.436, 0.448, 0.46, 0.534, 0.485]",0.034914685945033164,"{""learning_rate"": 0.05825945704395333, ""max_depth"": 5, ""max_features"": ""log2"", ""min_samples_leaf"": 19, ""n_estimators"": 60, ""subsample"": 0.8969761647505261}",COMPLETE,0.4775828966661108
12,0.44712558391908763,2026-09-28 13:07:35.253126,2026-09-28 13:07:36.174672,0 days 00:00:00.921546,0.13668332518331613,5,log2,49,270,0.9587764402949828,"[0.442, 0.426, 0.4, 0.522, 0.445]",0.040829165210719984,"{""learning_rate"": 0.13668332518331613, ""max_depth"": 5, ""max_features"": ""log2"", ""min_samples_leaf"": 49, ""n_estimators"": 270, ""subsample"": 0.9587764402949828}",COMPLETE,0.4775828966661108
13,0.46283044927265643,2026-09-28 13:07:36.174696,2026-09-28 13:07:37.046728,0 days 00:00:00.872032,0.1122858483220134,4,log2,7,300,0.8067776628210428,"[0.449, 0.458, 0.431, 0.564, 0.412]",0.0528246867897738,"{""learning_rate"": 0.1122858483220134, ""max_depth"": 4, ""max_features"": ""log2"", ""min_samples_leaf"": 7, ""n_estimators"": 300, ""subsample"": 0.8067776628210428}",COMPLETE,0.4775828966661108
14,0.47879576117987127,2026-09-28 13:07:37.046752,2026-09-28 13:07:37.806013,0 days 00:00:00.759261,0.010629862416132186,5,log2,49,260,0.7958407537798344,"[0.446, 0.493, 0.459, 0.526, 0.471]",0.028082588449758555,"{""learning_rate"": 0.010629862416132186, ""max_depth"": 5, ""max_features"": ""log2"", ""min_samples_leaf"": 49, ""n_estimators"": 260, ""subsample"": 0.7958407537798344}",COMPLETE,0.47879576117987127
15,0.48573318200210747,2026-09-28 13:07:37.806038,2026-09-28 13:07:38.423813,0 days 00:00:00.617775,0.012531238143644534,4,log2,15,220,0.7282138721067766,"[0.476, 0.467, 0.443, 0.559, 0.484]",0.03884370453225658,"{""learning_rate"": 0.012531238143644534, ""max_depth"": 4, ""max_features"": ""log2"", ""min_samples_leaf"": 15, ""n_estimators"": 220, ""subsample"": 0.7282138721067766}",COMPLETE,0.48573318200210747
16,0.4359146709235315,2026-09-28 13:07:38.423837,2026-09-28 13:07:39.029045,0 days 00:00:00.605208,0.007559463338347881,4,log2,73,220,0.895962984729267,"[0.326, 0.463, 0.422, 0.506, 0.463]",0.06084352880838597,"{""learning_rate"": 0.007559463338347881, ""max_depth"": 4, ""max_features"": ""log2"", ""min_samples_leaf"": 73, ""n_estimators"": 220, ""subsample"": 0.895962984729267}",COMPLETE,0.48573318200210747
17,0.4845499795970361,2026-09-28 13:07:39.029071,2026-09-28 13:07:39.628080,0 days 00:00:00.599009,0.028083929234045454,4,log2,23,250,0.5742411284152826,"[0.463, 0.472, 0.467, 0.544, 0.476]",0.03016743996085898,"{""learning_rate"": 0.028083929234045454, ""max_depth"": 4, ""max_features"": ""log2"", ""min_samples_leaf"": 23, ""n_estimators"": 250, ""subsample"": 0.5742411284152826}",COMPLETE,0.48573318200210747
18,0.4707186008628363,2026-09-28 13:07:39.628105,2026-09-28 13:07:40.630656,0 days 00:00:01.002551,0.02642369608285265,5,log2,23,360,0.5916261330837599,"[0.436, 0.472, 0.44, 0.531, 0.476]",0.03417281179631428,"{""learning_rate"": 0.02642369608285265, ""max_depth"": 5, ""max_features"": ""log2"", ""min_samples_leaf"": 23, ""n_estimators"": 360, ""subsample"": 0.5916261330837599}",COMPLETE,0.48573318200210747
19,0.4842689549566669,2026-09-28 13:07:40.630680,2026-09-28 13:07:41.031702,0 days 00:00:00.401022,0.03223509515975816,3,log2,21,200,0.5326103466751385,"[0.495, 0.467, 0.458, 0.528, 0.473]",0.025291388003447778,"{""learning_rate"": 0.03223509515975816, ""max_depth"": 3, ""max_features"": ""log2"", ""min_samples_leaf"": 21, ""n_estimators"": 200, ""subsample"": 0.5326103466751385}",COMPLETE,0.48573318200210747
20,0.4602163637586396,2026-09-28 13:07:41.031727,2026-09-28 13:07:41.177387,0 days 00:00:00.145660,0.028261401516425647,3,log2,14,60,0.6630565774433972,"[0.439, 0.448, 0.445, 0.497, 0.471]",0.021432960503730274,"{""learning_rate"": 0.028261401516425647, ""max_depth"": 3, ""max_features"": ""log2"", ""min_samples_leaf"": 14, ""n_estimators"": 60, ""subsample"": 0.6630565774433972}",COMPLETE,0.48573318200210747
21,0.4914251876752885,2026-09-28 13:07:41.177414,2026-09-28 13:07:41.624565,0 days 00:00:00.447151,0.022575807439962042,3,log2,11,230,0.5073322627317353,"[0.511, 0.469, 0.458, 0.54, 0.478]",0.030322145180354382,"{""learning_rate"": 0.022575807439962042, ""max_depth"": 3, ""max_features"": ""log2"", ""min_samples_leaf"": 11, ""n_estimators"": 230, ""subsample"": 0.5073322627317353}",COMPLETE,0.4914251876752885
22,0.4876705228100137,2026-09-28 13:07:41.624590,2026-09-28 13:07:42.222841,0 days 00:00:00.598251,0.013357197868005408,4,log2,45,250,0.6621561540482572,"[0.454, 0.47, 0.474, 0.532, 0.509]",0.028429217003723112,"{""learning_rate"": 0.013357197868005408, ""max_depth"": 4, ""max_features"": ""log2"", ""min_samples_leaf"": 45, ""n_estimators"": 250, ""subsample"": 0.6621561540482572}",COMPLETE,0.4914251876752885
23,0.4748302645128947,2026-09-28 13:07:42.222867,2026-09-28 13:07:42.735377,0 days 00:00:00.512510,0.032983251827143865,3,log2,8,270,0.44550988773841305,"[0.514, 0.452, 0.446, 0.535, 0.428]",0.04177124518523909,"{""learning_rate"": 0.032983251827143865, ""max_depth"": 3, ""max_features"": ""log2"", ""min_samples_leaf"": 8, ""n_estimators"": 270, ""subsample"": 0.44550988773841305}",COMPLETE,0.4914251876752885
24,0.48469305536945273,2026-09-28 13:07:42.735401,2026-09-28 13:07:43.316446,0 days 00:00:00.581045,0.02627718500071141,3,log2,16,260,0.7397304120601299,"[0.497, 0.449, 0.45, 0.561, 0.467]",0.041976845387065614,"{""learning_rate"": 0.02627718500071141, ""max_depth"": 3, ""max_features"": ""log2"", ""min_samples_leaf"": 16, ""n_estimators"": 260, ""subsample"": 0.7397304120601299}",COMPLETE,0.4914251876752885
25,0.47193910476781775,2026-09-28 13:07:43.316470,2026-09-28 13:07:43.921079,0 days 00:00:00.604609,0.030390155079691877,3,log2,50,300,0.6364754396700718,"[0.425, 0.456, 0.463, 0.539, 0.476]",0.0374350528735181,"{""learning_rate"": 0.030390155079691877, ""max_depth"": 3, ""max_features"": ""log2"", ""min_samples_leaf"": 50, ""n_estimators"": 300, ""subsample"": 0.6364754396700718}",COMPLETE,0.4914251876752885
26,0.48268681313433015,2026-09-28 13:07:43.921109,2026-09-28 13:07:44.335864,0 days 00:00:00.414755,0.01997183917403861,4,log2,6,150,0.6474204098169802,"[0.507, 0.453, 0.465, 0.532, 0.456]",0.031371765252777586,"{""learning_rate"": 0.01997183917403861, ""max_depth"": 4, ""max_features"": ""log2"", ""min_samples_leaf"": 6, ""n_estimators"": 150, ""subsample"": 0.6474204098169802}",COMPLETE,0.4914251876752885
27,0.47914975499828855,2026-09-28 13:07:44.335892,2026-09-28 13:07:45.447712,0 days 00:00:01.111820,0.014106870316639956,5,log2,25,340,0.7796194094476779,"[0.481, 0.449, 0.448, 0.538, 0.48]",0.03260183707870588,"{""learning_rate"": 0.014106870316639956, ""max_depth"": 5, ""max_features"": ""log2"", ""min_samples_leaf"": 25, ""n_estimators"": 340, ""subsample"": 0.7796194094476779}",COMPLETE,0.4914251876752885
28,0.4783838009405936,2026-09-28 13:07:45.447743,2026-09-28 13:07:46.025525,0 days 00:00:00.577782,0.016126842370038613,4,log2,28,210,0.7313609810135029,"[0.46, 0.457, 0.447, 0.522, 0.506]",0.029938283985599286,"{""learning_rate"": 0.016126842370038613, ""max_depth"": 4, ""max_features"": ""log2"", ""min_samples_leaf"": 28, ""n_estimators"": 210, ""subsample"": 0.7313609810135029}",COMPLETE,0.4914251876752885
29,0.4855447380817212,2026-09-28 13:07:46.025550,2026-09-28 13:07:46.723972,0 days 00:00:00.698422,0.022362884099416995,4,log2,74,300,0.7261206339075844,"[0.453, 0.452, 0.476, 0.547, 0.499]",0.03523514391818299,"{""learning_rate"": 0.022362884099416995, ""max_depth"": 4, ""max_features"": ""log2"", ""min_samples_leaf"": 74, ""n_estimators"": 300, ""subsample"": 0.7261206339075844}",COMPLETE,0.4914251876752885
30,0.4743055665523722,2026-09-28 13:07:46.723998,2026-09-28 13:07:47.352879,0 days 00:00:00.628881,0.010422964081177839,4,log2,12,280,0.46710780463024826,"[0.468, 0.445, 0.444, 0.541, 0.474]",0.035285649710399575,"{""learning_rate"": 0.010422964081177839, ""max_depth"": 4, ""max_features"": ""log2"", ""min_samples_leaf"": 12, ""n_estimators"": 280, ""subsample"": 0.46710780463024826}",COMPLETE,0.4914251876752885
31,0.475056091911643,2026-09-28 13:07:47.352909,2026-09-28 13:07:47.845204,0 days 00:00:00.492295,0.009499308772157778,3,log2,37,240,0.6145231220557876,"[0.433, 0.464, 0.471, 0.522, 0.486]",0.028891784423684664,"{""learning_rate"": 0.009499308772157778, ""max_depth"": 3, ""max_features"": ""log2"", ""min_samples_leaf"": 37, ""n_estimators"": 240, ""subsample"": 0.6145231220557876}",COMPLETE,0.4914251876752885
32,0.47936569984125865,2026-09-28 13:07:47.845228,2026-09-28 13:07:48.520395,0 days 00:00:00.675167,0.014126637830353662,4,log2,77,290,0.7050869111302142,"[0.428, 0.467, 0.468, 0.542, 0.492]",0.037475646314427,"{""learning_rate"": 0.014126637830353662, ""max_depth"": 4, ""max_features"": ""log2"", ""min_samples_leaf"": 77, ""n_estimators"": 290, ""subsample"": 0.7050869111302142}",COMPLETE,0.4914251876752885
33,0.48217549359246126,2026-09-28 13:07:48.520420,2026-09-28 13:07:49.467689,0 days 00:00:00.947269,0.009639599253159483,5,log2,32,330,0.6416030209593127,"[0.469, 0.466, 0.454, 0.531, 0.49]",0.027196415906200633,"{""learning_rate"": 0.009639599253159483, ""max_depth"": 5, ""max_features"": ""log2"", ""min_samples_leaf"": 32, ""n_estimators"": 330, ""subsample"": 0.6416030209593127}",COMPLETE,0.4914251876752885
34,0.4819583992123083,2026-09-28 13:07:49.467719,2026-09-28 13:07:50.395939,0 days 00:00:00.928220,0.021937898126945563,4,log2,46,260,0.5118764389765433,"[0.466, 0.453, 0.473, 0.537, 0.481]",0.028963454897014282,"{""learning_rate"": 0.021937898126945563, ""max_depth"": 4, ""max_features"": ""log2"", ""min_samples_leaf"": 46, ""n_estimators"": 260, ""subsample"": 0.5118764389765433}",COMPLETE,0.4914251876752885
35,0.48165021570830735,2026-09-28 13:07:50.395974,2026-09-28 13:07:51.041574,0 days 00:00:00.645600,0.030031164204336446,4,log2,96,270,0.7972241227676201,"[0.452, 0.469, 0.46, 0.533, 0.494]",0.029309824428691667,"{""learning_rate"": 0.030031164204336446, ""max_depth"": 4, ""max_features"": ""log2"", ""min_samples_leaf"": 96, ""n_estimators"": 270, ""subsample"": 0.7972241227676201}",COMPLETE,0.4914251876752885
36,0.4757013935605596,2026-09-28 13:07:51.041599,2026-09-28 13:07:51.984062,0 days 00:00:00.942463,0.02322158321976812,4,log2,28,370,0.6774251069828091,"[0.442, 0.459, 0.458, 0.542, 0.478]",0.035070669142691614,"{""learning_rate"": 0.02322158321976812, ""max_depth"": 4, ""max_features"": ""log2"", ""min_samples_leaf"": 28, ""n_estimators"": 370, ""subsample"": 0.6774251069828091}",COMPLETE,0.4914251876752885
37,0.486535596055362,2026-09-28 13:07:51.984086,2026-09-28 13:07:52.899425,0 days 00:00:00.915339,0.012861502916689799,5,log2,69,350,0.7309364295789306,"[0.467, 0.475, 0.471, 0.523, 0.496]",0.020988929590284876,"{""learning_rate"": 0.012861502916689799, ""max_depth"": 5, ""max_features"": ""log2"", ""min_samples_leaf"": 69, ""n_estimators"": 350, ""subsample"": 0.7309364295789306}",COMPLETE,0.4914251876752885
38,0.45892131742204195,2026-09-28 13:07:52.899450,2026-09-28 13:07:53.267535,0 days 00:00:00.368085,0.013508839569451323,4,log2,27,120,0.7190742400612559,"[0.447, 0.453, 0.414, 0.512, 0.469]",0.03176958634952753,"{""learning_rate"": 0.013508839569451323, ""max_depth"": 4, ""max_features"": ""log2"", ""min_samples_leaf"": 27, ""n_estimators"": 120, ""subsample"": 0.7190742400612559}",COMPLETE,0.4914251876752885
39,0.48002353990846025,2026-09-28 13:07:53.267560,2026-09-28 13:07:54.230098,0 days 00:00:00.962538,0.009785901307625815,5,log2,67,360,0.7602190267752014,"[0.429, 0.48, 0.459, 0.54, 0.492]",0.036822600877139344,"{""learning_rate"": 0.009785901307625815, ""max_depth"": 5, ""max_features"": ""log2"", ""min_samples_leaf"": 67, ""n_estimators"": 360, ""subsample"": 0.7602190267752014}",COMPLETE,0.4914251876752885
40,0.38474724065185223,2026-09-28 13:07:54.230122,2026-09-28 13:07:54.986597,0 days 00:00:00.756475,0.0043782273431133886,5,log2,90,340,0.6957328584002227,"[0.127, 0.431, 0.425, 0.495, 0.446]",0.1314085788659415,"{""learning_rate"": 0.0043782273431133886, ""max_depth"": 5, ""max_features"": ""log2"", ""min_samples_leaf"": 90, ""n_estimators"": 340, ""subsample"": 0.6957328584002227}",COMPLETE,0.4914251876752885
41,0.47775740938427036,2026-09-28 13:07:54.986623,2026-09-28 13:07:55.448822,0 days 00:00:00.462199,0.024528792056035805,3,log2,12,230,0.5672130327194739,"[0.467, 0.454, 0.453, 0.549, 0.466]",0.035948100436656506,"{""learning_rate"": 0.024528792056035805, ""max_depth"": 3, ""max_features"": ""log2"", ""min_samples_leaf"": 12, ""n_estimators"": 230, ""subsample"": 0.5672130327194739}",COMPLETE,0.4914251876752885
42,0.4772962824371823,2026-09-28 13:07:55.448851,2026-09-28 13:07:56.058053,0 days 00:00:00.609202,0.03026437967206163,4,log2,79,260,0.7120385030289391,"[0.449, 0.46, 0.46, 0.533, 0.485]",0.030179013388936637,"{""learning_rate"": 0.03026437967206163, ""max_depth"": 4, ""max_features"": ""log2"", ""min_samples_leaf"": 79, ""n_estimators"": 260, ""subsample"": 0.7120385030289391}",COMPLETE,0.4914251876752885
43,0.45666495202999186,2026-09-28 13:07:56.058078,2026-09-28 13:07:56.753809,0 days 00:00:00.695731,0.011435049370054816,3,log2,78,350,0.6486935475762023,"[0.353, 0.47, 0.458, 0.524, 0.478]",0.05638268623414538,"{""learning_rate"": 0.011435049370054816, ""max_depth"": 3, ""max_features"": ""log2"", ""min_samples_leaf"": 78, ""n_estimators"": 350, ""subsample"": 0.6486935475762023}",COMPLETE,0.4914251876752885
44,0.4644701305458526,2026-09-28 13:07:56.753834,2026-09-28 13:07:57.361852,0 days 00:00:00.608018,0.01622823996751686,5,log2,91,240,0.7838822468924002,"[0.385, 0.48, 0.441, 0.518, 0.498]",0.047139826040475535,"{""learning_rate"": 0.01622823996751686, ""max_depth"": 5, ""max_features"": ""log2"", ""min_samples_leaf"": 91, ""n_estimators"": 240, ""subsample"": 0.7838822468924002}",COMPLETE,0.4914251876752885
45,0.4491964027229896,2026-09-28 13:07:57.361889,2026-09-28 13:07:57.830243,0 days 00:00:00.468354,0.008694790352528447,4,log2,44,170,0.7533974254298831,"[0.365, 0.465, 0.43, 0.522, 0.464]",0.0515802934739387,"{""learning_rate"": 0.008694790352528447, ""max_depth"": 4, ""max_features"": ""log2"", ""min_samples_leaf"": 44, ""n_estimators"": 170, ""subsample"": 0.7533974254298831}",COMPLETE,0.4914251876752885
46,0.48156333094432535,2026-09-28 13:07:57.830269,2026-09-28 13:07:58.719953,0 days 00:00:00.889684,0.01982783290806241,5,log2,87,330,0.8142703964847176,"[0.439, 0.459, 0.485, 0.545, 0.48]",0.03559094960361879,"{""learning_rate"": 0.01982783290806241, ""max_depth"": 5, ""max_features"": ""log2"", ""min_samples_leaf"": 87, ""n_estimators"": 330, ""subsample"": 0.8142703964847176}",COMPLETE,0.4914251876752885
47,0.48217511596355267,2026-09-28 13:07:58.719977,2026-09-28 13:07:59.703092,0 days 00:00:00.983115,0.01637100069595613,4,log2,57,380,0.7486090542059815,"[0.413, 0.465, 0.484, 0.541, 0.507]",0.042600914287764954,"{""learning_rate"": 0.01637100069595613, ""max_depth"": 4, ""max_features"": ""log2"", ""min_samples_leaf"": 57, ""n_estimators"": 380, ""subsample"": 0.7486090542059815}",COMPLETE,0.4914251876752885
48,0.4831564416083921,2026-09-28 13:07:59.703118,2026-09-28 13:08:01.191449,0 days 00:00:01.488331,0.008743085214585158,5,log2,46,430,0.7683516388664744,"[0.461, 0.474, 0.462, 0.528, 0.491]",0.024912002195409393,"{""learning_rate"": 0.008743085214585158, ""max_depth"": 5, ""max_features"": ""log2"", ""min_samples_leaf"": 46, ""n_estimators"": 430, ""subsample"": 0.7683516388664744}",COMPLETE,0.4914251876752885
49,0.4828358675586727,2026-09-28 13:08:01.191508,2026-09-28 13:08:02.183383,0 days 00:00:00.991875,0.013900691684110799,5,log2,77,400,0.6837510868960385,"[0.46, 0.469, 0.46, 0.538, 0.486]",0.02903705805348161,"{""learning_rate"": 0.013900691684110799, ""max_depth"": 5, ""max_features"": ""log2"", ""min_samples_leaf"": 77, ""n_estimators"": 400, ""subsample"": 0.6837510868960385}",COMPLETE,0.4914251876752885
50,0.48491381657861093,2026-09-28 13:08:02.183407,2026-09-28 13:08:02.898568,0 days 00:00:00.715161,0.016340110847901976,4,log2,23,260,0.6724103551896923,"[0.479, 0.449, 0.461, 0.539, 0.497]",0.031459517431391096,"{""learning_rate"": 0.016340110847901976, ""max_depth"": 4, ""max_features"": ""log2"", ""min_samples_leaf"": 23, ""n_estimators"": 260, ""subsample"": 0.6724103551896923}",COMPLETE,0.4914251876752885
51,0.48110265310283706,2026-09-28 13:08:02.898600,2026-09-28 13:08:03.620404,0 days 00:00:00.721804,0.022300641620541285,5,log2,51,250,0.7158760290536474,"[0.403, 0.472, 0.492, 0.553, 0.486]",0.04814432399097721,"{""learning_rate"": 0.022300641620541285, ""max_depth"": 5, ""max_features"": ""log2"", ""min_samples_leaf"": 51, ""n_estimators"": 250, ""subsample"": 0.7158760290536474}",COMPLETE,0.4914251876752885
52,0.47240738758752443,2026-09-28 13:08:03.620427,2026-09-28 13:08:04.741427,0 days 00:00:01.121000,0.01804849877479069,5,log2,42,400,0.680991577165941,"[0.433, 0.456, 0.474, 0.526, 0.473]",0.03041315490640863,"{""learning_rate"": 0.01804849877479069, ""max_depth"": 5, ""max_features"": ""log2"", ""min_samples_leaf"": 42, ""n_estimators"": 400, ""subsample"": 0.680991577165941}",COMPLETE,0.4914251876752885
53,0.48234821169586767,2026-09-28 13:08:04.741455,2026-09-28 13:08:05.317159,0 days 00:00:00.575704,0.012460571812701608,4,log2,13,200,0.7137907098732311,"[0.479, 0.463, 0.456, 0.546, 0.467]",0.03274255060658226,"{""learning_rate"": 0.012460571812701608, ""max_depth"": 4, ""max_features"": ""log2"", ""min_samples_leaf"": 13, ""n_estimators"": 200, ""subsample"": 0.7137907098732311}",COMPLETE,0.4914251876752885
54,0.4843721571677147,2026-09-28 13:08:05.317183,2026-09-28 13:08:06.172258,0 days 00:00:00.855075,0.015572124838245128,4,log2,13,280,0.7079732853456949,"[0.476, 0.448, 0.467, 0.555, 0.477]",0.036616722612181005,"{""learning_rate"": 0.015572124838245128, ""max_depth"": 4, ""max_features"": ""log2"", ""min_samples_leaf"": 13, ""n_estimators"": 280, ""subsample"": 0.7079732853456949}",COMPLETE,0.4914251876752885
55,0.4825044562211634,2026-09-28 13:08:06.172283,2026-09-28 13:08:06.773522,0 days 00:00:00.601239,0.012516186738422556,4,log2,18,220,0.6187541825553444,"[0.475, 0.474, 0.448, 0.517, 0.499]",0.023526248463435904,"{""learning_rate"": 0.012516186738422556, ""max_depth"": 4, ""max_features"": ""log2"", ""min_samples_leaf"": 18, ""n_estimators"": 220, ""subsample"": 0.6187541825553444}",COMPLETE,0.4914251876752885
56,0.4404730412618574,2026-09-28 13:08:06.773546,2026-09-28 13:08:07.393849,0 days 00:00:00.620303,0.008614031243516795,4,log2,74,270,0.6292087005875773,"[0.327, 0.464, 0.433, 0.522, 0.457]",0.06394706460327317,"{""learning_rate"": 0.008614031243516795, ""max_depth"": 4, ""max_features"": ""log2"", ""min_samples_leaf"": 74, ""n_estimators"": 270, ""subsample"": 0.6292087005875773}",COMPLETE,0.4914251876752885
57,0.47485003640009893,2026-09-28 13:08:07.393877,2026-09-28 13:08:07.886696,0 days 00:00:00.492819,0.01707773516808966,4,log2,56,210,0.6025448251013382,"[0.426, 0.465, 0.474, 0.532, 0.479]",0.03401391315434476,"{""learning_rate"": 0.01707773516808966, ""max_depth"": 4, ""max_features"": ""log2"", ""min_samples_leaf"": 56, ""n_estimators"": 210, ""subsample"": 0.6025448251013382}",COMPLETE,0.4914251876752885
58,0.4763097281912415,2026-09-28 13:08:07.886731,2026-09-28 13:08:08.721028,0 days 00:00:00.834297,0.010741758776419653,4,log2,31,300,0.7356499149730424,"[0.451, 0.458, 0.456, 0.531, 0.485]",0.02966390838287602,"{""learning_rate"": 0.010741758776419653, ""max_depth"": 4, ""max_features"": ""log2"", ""min_samples_leaf"": 31, ""n_estimators"": 300, ""subsample"": 0.7356499149730424}",COMPLETE,0.4914251876752885
59,0.47146498182469065,2026-09-28 13:08:08.721053,2026-09-28 13:08:09.710314,0 days 00:00:00.989261,0.00782493111830037,5,log2,58,400,0.6304653141944525,"[0.394, 0.474, 0.473, 0.544, 0.473]",0.047434410778894105,"{""learning_rate"": 0.00782493111830037, ""max_depth"": 5, ""max_features"": ""log2"", ""min_samples_leaf"": 58, ""n_estimators"": 400, ""subsample"": 0.6304653141944525}",COMPLETE,0.4914251876752885
60,0.47739866726988395,2026-09-28 13:08:09.710342,2026-09-28 13:08:10.553181,0 days 00:00:00.842839,0.014929544261881656,5,log2,17,250,0.702566941565636,"[0.49, 0.447, 0.447, 0.54, 0.463]",0.035151854711866354,"{""learning_rate"": 0.014929544261881656, ""max_depth"": 5, ""max_features"": ""log2"", ""min_samples_leaf"": 17, ""n_estimators"": 250, ""subsample"": 0.702566941565636}",COMPLETE,0.4914251876752885
61,0.4785882306970969,2026-09-28 13:08:10.553208,2026-09-28 13:08:11.217314,0 days 00:00:00.664106,0.016398425894388557,4,log2,63,260,0.7518710670588148,"[0.448, 0.475, 0.453, 0.537, 0.48]",0.03180170801597203,"{""learning_rate"": 0.016398425894388557, ""max_depth"": 4, ""max_features"": ""log2"", ""min_samples_leaf"": 63, ""n_estimators"": 260, ""subsample"": 0.7518710670588148}",COMPLETE,0.4914251876752885
62,0.4914392614279782,2026-09-28 13:08:11.217340,2026-09-28 13:08:11.682686,0 days 00:00:00.465346,0.02022359023764812,3,log2,11,210,0.6572281937675737,"[0.482, 0.485, 0.455, 0.55, 0.486]",0.03130793485635471,"{""learning_rate"": 0.02022359023764812, ""max_depth"": 3, ""max_features"": ""log2"", ""min_samples_leaf"": 11, ""n_estimators"": 210, ""subsample"": 0.6572281937675737}",COMPLETE,0.4914392614279782
63,0.4635383965574703,2026-09-28 13:08:11.682717,2026-09-28 13:08:12.616957,0 days 00:00:00.934240,0.025188270767596586,4,log2,43,340,0.7764523196845305,"[0.424, 0.446, 0.425, 0.547, 0.475]",0.04582407474557205,"{""learning_rate"": 0.025188270767596586, ""max_depth"": 4, ""max_features"": ""log2"", ""min_samples_leaf"": 43, ""n_estimators"": 340, ""subsample"": 0.7764523196845305}",COMPLETE,0.4914392614279782
64,0.4755687068251925,2026-09-28 13:08:12.616982,2026-09-28 13:08:13.425864,0 days 00:00:00.808882,0.027919063505178688,4,log2,15,280,0.7462800719631075,"[0.494, 0.437, 0.442, 0.545, 0.46]",0.04008434316781346,"{""learning_rate"": 0.027919063505178688, ""max_depth"": 4, ""max_features"": ""log2"", ""min_samples_leaf"": 15, ""n_estimators"": 280, ""subsample"": 0.7462800719631075}",COMPLETE,0.4914392614279782
65,0.47835763566241835,2026-09-28 13:08:13.425893,2026-09-28 13:08:14.058412,0 days 00:00:00.632519,0.011813469894446758,4,log2,50,250,0.667994394828539,"[0.432, 0.463, 0.471, 0.529, 0.497]",0.03243935486174597,"{""learning_rate"": 0.011813469894446758, ""max_depth"": 4, ""max_features"": ""log2"", ""min_samples_leaf"": 50, ""n_estimators"": 250, ""subsample"": 0.667994394828539}",COMPLETE,0.4914392614279782
66,0.48041706659861144,2026-09-28 13:08:14.058438,2026-09-28 13:08:14.588590,0 days 00:00:00.530152,0.012345383864161683,3,log2,16,210,0.742836508977159,"[0.467, 0.476, 0.435, 0.536, 0.488]",0.0326422010367186,"{""learning_rate"": 0.012345383864161683, ""max_depth"": 3, ""max_features"": ""log2"", ""min_samples_leaf"": 16, ""n_estimators"": 210, ""subsample"": 0.742836508977159}",COMPLETE,0.4914392614279782
67,0.4821470234690808,2026-09-28 13:08:14.588621,2026-09-28 13:08:15.096155,0 days 00:00:00.507534,0.016004655574447642,3,log2,19,220,0.7047834207804963,"[0.444, 0.482, 0.463, 0.542, 0.479]",0.03274560875153347,"{""learning_rate"": 0.016004655574447642, ""max_depth"": 3, ""max_features"": ""log2"", ""min_samples_leaf"": 19, ""n_estimators"": 220, ""subsample"": 0.7047834207804963}",COMPLETE,0.4914392614279782
68,0.45526084721604415,2026-09-28 13:08:15.096181,2026-09-28 13:08:15.607945,0 days 00:00:00.511764,0.011979524267703082,4,log2,71,210,0.7029333345151321,"[0.368, 0.467, 0.446, 0.521, 0.474]",0.04994581476846754,"{""learning_rate"": 0.011979524267703082, ""max_depth"": 4, ""max_features"": ""log2"", ""min_samples_leaf"": 71, ""n_estimators"": 210, ""subsample"": 0.7029333345151321}",COMPLETE,0.4914392614279782
69,0.4816797565372147,2026-09-28 13:08:15.607972,2026-09-28 13:08:16.452590,0 days 00:00:00.844618,0.021916627970127053,4,log2,88,330,0.7305955897742523,"[0.444, 0.47, 0.479, 0.527, 0.488]",0.027014953738662133,"{""learning_rate"": 0.021916627970127053, ""max_depth"": 4, ""max_features"": ""log2"", ""min_samples_leaf"": 88, ""n_estimators"": 330, ""subsample"": 0.7305955897742523}",COMPLETE,0.4914392614279782
70,0.48072244542900455,2026-09-28 13:08:16.452613,2026-09-28 13:08:17.363047,0 days 00:00:00.910434,0.01958200522918596,4,log2,46,350,0.6861834537768791,"[0.428, 0.445, 0.48, 0.555, 0.496]",0.044393531183349995,"{""learning_rate"": 0.01958200522918596, ""max_depth"": 4, ""max_features"": ""log2"", ""min_samples_leaf"": 46, ""n_estimators"": 350, ""subsample"": 0.6861834537768791}",COMPLETE,0.4914392614279782
71,0.48307017587841966,2026-09-28 13:08:17.363076,2026-09-28 13:08:17.888519,0 days 00:00:00.525443,0.023322673150775245,3,log2,15,220,0.729015598781096,"[0.496, 0.458, 0.439, 0.549, 0.474]",0.03801022472912964,"{""learning_rate"": 0.023322673150775245, ""max_depth"": 3, ""max_features"": ""log2"", ""min_samples_leaf"": 15, ""n_estimators"": 220, ""subsample"": 0.729015598781096}",COMPLETE,0.4914392614279782
72,0.48140818962284115,2026-09-28 13:08:17.888543,2026-09-28 13:08:18.689865,0 days 00:00:00.801322,0.01732951194636359,4,log2,74,340,0.6820688543304126,"[0.424, 0.468, 0.48, 0.546, 0.49]",0.03920411589312922,"{""learning_rate"": 0.01732951194636359, ""max_depth"": 4, ""max_features"": ""log2"", ""min_samples_leaf"": 74, ""n_estimators"": 340, ""subsample"": 0.6820688543304126}",COMPLETE,0.4914392614279782
73,0.47929810216417545,2026-09-28 13:08:18.689897,2026-09-28 13:08:19.244823,0 days 00:00:00.554926,0.018952570714243694,3,log2,10,230,0.7624441381971785,"[0.477, 0.445, 0.445, 0.564, 0.466]",0.04412737779654929,"{""learning_rate"": 0.018952570714243694, ""max_depth"": 3, ""max_features"": ""log2"", ""min_samples_leaf"": 10, ""n_estimators"": 230, ""subsample"": 0.7624441381971785}",COMPLETE,0.4914392614279782
74,0.47528996240764776,2026-09-28 13:08:19.244848,2026-09-28 13:08:19.972003,0 days 00:00:00.727155,0.008779344633136383,4,log2,39,270,0.6858718320566952,"[0.427, 0.452, 0.481, 0.53, 0.486]",0.034655553509881636,"{""learning_rate"": 0.008779344633136383, ""max_depth"": 4, ""max_features"": ""log2"", ""min_samples_leaf"": 39, ""n_estimators"": 270, ""subsample"": 0.6858718320566952}",COMPLETE,0.4914392614279782
75,0.48379938470821315,2026-09-28 13:08:19.972028,2026-09-28 13:08:20.699154,0 days 00:00:00.727126,0.015924835632921526,4,log2,44,270,0.7144942124231483,"[0.449, 0.466, 0.471, 0.537, 0.496]",0.03048271557793296,"{""learning_rate"": 0.015924835632921526, ""max_depth"": 4, ""max_features"": ""log2"", ""min_samples_leaf"": 44, ""n_estimators"": 270, ""subsample"": 0.7144942124231483}",COMPLETE,0.4914392614279782
76,0.4776526923970218,2026-09-28 13:08:20.699179,2026-09-28 13:08:21.258522,0 days 00:00:00.559343,0.03150015848394223,3,log2,13,240,0.6824631294805451,"[0.495, 0.436, 0.461, 0.547, 0.449]",0.0398875438285267,"{""learning_rate"": 0.03150015848394223, ""max_depth"": 3, ""max_features"": ""log2"", ""min_samples_leaf"": 13, ""n_estimators"": 240, ""subsample"": 0.6824631294805451}",COMPLETE,0.4914392614279782
77,0.46798432920820765,2026-09-28 13:08:21.258547,2026-09-28 13:08:21.952407,0 days 00:00:00.693860,0.026547851779165604,3,log2,18,290,0.7520132301938048,"[0.432, 0.422, 0.468, 0.548, 0.47]",0.04461207068054373,"{""learning_rate"": 0.026547851779165604, ""max_depth"": 3, ""max_features"": ""log2"", ""min_samples_leaf"": 18, ""n_estimators"": 290, ""subsample"": 0.7520132301938048}",COMPLETE,0.4914392614279782
78,0.47705517474928333,2026-09-28 13:08:21.952433,2026-09-28 13:08:22.463771,0 days 00:00:00.511338,0.016023136185747158,3,log2,10,220,0.6925412637004884,"[0.466, 0.464, 0.441, 0.548, 0.468]",0.03659219946466432,"{""learning_rate"": 0.016023136185747158, ""max_depth"": 3, ""max_features"": ""log2"", ""min_samples_leaf"": 10, ""n_estimators"": 220, ""subsample"": 0.6925412637004884}",COMPLETE,0.4914392614279782
79,0.4677893517727562,2026-09-28 13:08:22.463798,2026-09-28 13:08:23.136372,0 days 00:00:00.672574,0.025634477253134932,3,log2,9,270,0.692154605073666,"[0.47, 0.431, 0.424, 0.555, 0.459]",0.04687413435429399,"{""learning_rate"": 0.025634477253134932, ""max_depth"": 3, ""max_features"": ""log2"", ""min_samples_leaf"": 9, ""n_estimators"": 270, ""subsample"": 0.692154605073666}",COMPLETE,0.4914392614279782
80,0.4689397941497854,2026-09-28 13:08:23.136405,2026-09-28 13:08:23.822453,0 days 00:00:00.686048,0.017655377533665462,3,log2,33,290,0.7291295805456419,"[0.451, 0.451, 0.44, 0.524, 0.479]",0.030617660177229496,"{""learning_rate"": 0.017655377533665462, ""max_depth"": 3, ""max_features"": ""log2"", ""min_samples_leaf"": 33, ""n_estimators"": 290, ""subsample"": 0.7291295805456419}",COMPLETE,0.4914392614279782
81,0.4779168777769227,2026-09-28 13:08:23.822480,2026-09-28 13:08:24.562924,0 days 00:00:00.740444,0.013235138525123768,4,log2,10,240,0.7287261821027694,"[0.464, 0.457, 0.439, 0.561, 0.468]",0.042637334664299094,"{""learning_rate"": 0.013235138525123768, ""max_depth"": 4, ""max_features"": ""log2"", ""min_samples_leaf"": 10, ""n_estimators"": 240, ""subsample"": 0.7287261821027694}",COMPLETE,0.4914392614279782
82,0.4789052388534163,2026-09-28 13:08:24.562949,2026-09-28 13:08:25.235879,0 days 00:00:00.672930,0.025030828897654428,4,log2,42,260,0.6444143877198281,"[0.437, 0.469, 0.458, 0.529, 0.502]",0.03254919482739985,"{""learning_rate"": 0.025030828897654428, ""max_depth"": 4, ""max_features"": ""log2"", ""min_samples_leaf"": 42, ""n_estimators"": 260, ""subsample"": 0.6444143877198281}",COMPLETE,0.4914392614279782
83,0.4788079441475527,2026-09-28 13:08:25.235905,2026-09-28 13:08:25.846416,0 days 00:00:00.610511,0.01465181080810983,4,log2,35,230,0.6435729444812217,"[0.428, 0.462, 0.477, 0.531, 0.496]",0.03433461756218087,"{""learning_rate"": 0.01465181080810983, ""max_depth"": 4, ""max_features"": ""log2"", ""min_samples_leaf"": 35, ""n_estimators"": 230, ""subsample"": 0.6435729444812217}",COMPLETE,0.4914392614279782
84,0.4648316537479854,2026-09-28 13:08:25.846440,2026-09-28 13:08:26.686135,0 days 00:00:00.839695,0.012210363039852385,4,log2,95,330,0.7906124426033726,"[0.367, 0.486, 0.455, 0.528, 0.488]",0.053851874337594,"{""learning_rate"": 0.012210363039852385, ""max_depth"": 4, ""max_features"": ""log2"", ""min_samples_leaf"": 95, ""n_estimators"": 330, ""subsample"": 0.7906124426033726}",COMPLETE,0.4914392614279782
85,0.4838273883061805,2026-09-28 13:08:26.686170,2026-09-28 13:08:27.390593,0 days 00:00:00.704423,0.02380766642131283,4,log2,24,260,0.6011975634045218,"[0.469, 0.486, 0.483, 0.528, 0.453]",0.025003454674812044,"{""learning_rate"": 0.02380766642131283, ""max_depth"": 4, ""max_features"": ""log2"", ""min_samples_leaf"": 24, ""n_estimators"": 260, ""subsample"": 0.6011975634045218}",COMPLETE,0.4914392614279782
86,0.4819996990353321,2026-09-28 13:08:27.390622,2026-09-28 13:08:28.470110,0 days 00:00:01.079488,0.014095287259402222,4,log2,52,350,0.6778290463597858,"[0.414, 0.487, 0.492, 0.529, 0.487]",0.037270297936327516,"{""learning_rate"": 0.014095287259402222, ""max_depth"": 4, ""max_features"": ""log2"", ""min_samples_leaf"": 52, ""n_estimators"": 350, ""subsample"": 0.6778290463597858}",COMPLETE,0.4914392614279782
87,0.4801921396878777,2026-09-28 13:08:28.470135,2026-09-28 13:08:29.246926,0 days 00:00:00.776791,0.014200008531951792,3,log2,19,280,0.6671601256512941,"[0.453, 0.462, 0.465, 0.543, 0.478]",0.03243529791908702,"{""learning_rate"": 0.014200008531951792, ""max_depth"": 3, ""max_features"": ""log2"", ""min_samples_leaf"": 19, ""n_estimators"": 280, ""subsample"": 0.6671601256512941}",COMPLETE,0.4914392614279782
88,0.4764586449537974,2026-09-28 13:08:29.246956,2026-09-28 13:08:30.181870,0 days 00:00:00.934914,0.010955515811718882,4,log2,61,310,0.7287044861675823,"[0.419, 0.472, 0.483, 0.531, 0.477]",0.03558210541232388,"{""learning_rate"": 0.010955515811718882, ""max_depth"": 4, ""max_features"": ""log2"", ""min_samples_leaf"": 61, ""n_estimators"": 310, ""subsample"": 0.7287044861675823}",COMPLETE,0.4914392614279782
89,0.4893270274634844,2026-09-28 13:08:30.181895,2026-09-28 13:08:30.806945,0 days 00:00:00.625050,0.01995467829065146,4,log2,69,240,0.7110744261264489,"[0.475, 0.472, 0.474, 0.544, 0.481]",0.027761978841240733,"{""learning_rate"": 0.01995467829065146, ""max_depth"": 4, ""max_features"": ""log2"", ""min_samples_leaf"": 69, ""n_estimators"": 240, ""subsample"": 0.7110744261264489}",COMPLETE,0.4914392614279782
90,0.4828239863647649,2026-09-28 13:08:30.806972,2026-09-28 13:08:31.584634,0 days 00:00:00.777662,0.018897340104193285,4,log2,35,270,0.6610094561067331,"[0.458, 0.466, 0.485, 0.519, 0.486]",0.021051779919948423,"{""learning_rate"": 0.018897340104193285, ""max_depth"": 4, ""max_features"": ""log2"", ""min_samples_leaf"": 35, ""n_estimators"": 270, ""subsample"": 0.6610094561067331}",COMPLETE,0.4914392614279782
91,0.485137564408315,2026-09-28 13:08:31.584659,2026-09-28 13:08:32.439973,0 days 00:00:00.855314,0.024865973721587786,4,log2,60,330,0.6810994502962753,"[0.466, 0.45, 0.471, 0.554, 0.484]",0.03624620202424116,"{""learning_rate"": 0.024865973721587786, ""max_depth"": 4, ""max_features"": ""log2"", ""min_samples_leaf"": 60, ""n_estimators"": 330, ""subsample"": 0.6810994502962753}",COMPLETE,0.4914392614279782
92,0.490151318286227,2026-09-28 13:08:32.440002,2026-09-28 13:08:33.205245,0 days 00:00:00.765243,0.02462163093578642,4,log2,73,310,0.6790263204680954,"[0.447, 0.455, 0.492, 0.563, 0.494]",0.04087524673969795,"{""learning_rate"": 0.02462163093578642, ""max_depth"": 4, ""max_features"": ""log2"", ""min_samples_leaf"": 73, ""n_estimators"": 310, ""subsample"": 0.6790263204680954}",COMPLETE,0.4914392614279782
93,0.49406788577176836,2026-09-28 13:08:33.205270,2026-09-28 13:08:34.020024,0 days 00:00:00.814754,0.021845799837509224,4,log2,67,300,0.7623544089462052,"[0.489, 0.479, 0.48, 0.536, 0.487]",0.021099924786021497,"{""learning_rate"": 0.021845799837509224, ""max_depth"": 4, ""max_features"": ""log2"", ""min_samples_leaf"": 67, ""n_estimators"": 300, ""subsample"": 0.7623544089462052}",COMPLETE,0.49406788577176836
94,0.4909314313758185,2026-09-28 13:08:34.020055,2026-09-28 13:08:34.818097,0 days 00:00:00.798042,0.020766749508641418,4,log2,57,320,0.63375242828586,"[0.477, 0.463, 0.467, 0.558, 0.489]",0.03459375743957001,"{""learning_rate"": 0.020766749508641418, ""max_depth"": 4, ""max_features"": ""log2"", ""min_samples_leaf"": 57, ""n_estimators"": 320, ""subsample"": 0.63375242828586}",COMPLETE,0.49406788577176836
95,0.48465710216625046,2026-09-28 13:08:34.818127,2026-09-28 13:08:35.525761,0 days 00:00:00.707634,0.022864891336547188,4,log2,65,270,0.7269601130683535,"[0.46, 0.482, 0.474, 0.535, 0.472]",0.026148386585682606,"{""learning_rate"": 0.022864891336547188, ""max_depth"": 4, ""max_features"": ""log2"", ""min_samples_leaf"": 65, ""n_estimators"": 270, ""subsample"": 0.7269601130683535}",COMPLETE,0.49406788577176836
96,0.47343535322366825,2026-09-28 13:08:35.525786,2026-09-28 13:08:36.315687,0 days 00:00:00.789901,0.016866221051816885,4,log2,35,280,0.7536008020269553,"[0.446, 0.448, 0.478, 0.516, 0.479]",0.02555628176399425,"{""learning_rate"": 0.016866221051816885, ""max_depth"": 4, ""max_features"": ""log2"", ""min_samples_leaf"": 35, ""n_estimators"": 280, ""subsample"": 0.7536008020269553}",COMPLETE,0.49406788577176836
97,0.4140941894694518,2026-09-28 13:08:36.315713,2026-09-28 13:08:36.829429,0 days 00:00:00.513716,0.025116212434655595,4,log2,97,230,0.7085291196827,"[0.127, 0.473, 0.468, 0.529, 0.474]",0.1455167071437903,"{""learning_rate"": 0.025116212434655595, ""max_depth"": 4, ""max_features"": ""log2"", ""min_samples_leaf"": 97, ""n_estimators"": 230, ""subsample"": 0.7085291196827}",COMPLETE,0.49406788577176836
98,0.4175058622512579,2026-09-28 13:08:36.829461,2026-09-28 13:08:37.484930,0 days 00:00:00.655469,0.014718806782735641,4,log2,94,270,0.7485711823379512,"[0.127, 0.483, 0.453, 0.53, 0.495]",0.14759900569035175,"{""learning_rate"": 0.014718806782735641, ""max_depth"": 4, ""max_features"": ""log2"", ""min_samples_leaf"": 94, ""n_estimators"": 270, ""subsample"": 0.7485711823379512}",COMPLETE,0.49406788577176836
99,0.4731159536926398,2026-09-28 13:08:37.484954,2026-09-28 13:08:38.126975,0 days 00:00:00.642021,0.02695606555500952,4,log2,46,240,0.7233492475745043,"[0.415, 0.451, 0.466, 0.551, 0.482]",0.04478873620628791,"{""learning_rate"": 0.02695606555500952, ""max_depth"": 4, ""max_features"": ""log2"", ""min_samples_leaf"": 46, ""n_estimators"": 240, ""subsample"": 0.7233492475745043}",COMPLETE,0.49406788577176836
100,0.46871824460344014,2026-09-28 13:08:38.126999,2026-09-28 13:08:39.015632,0 days 00:00:00.888633,0.029182125323999664,4,log2,43,320,0.7439144629601737,"[0.438, 0.438, 0.435, 0.552, 0.48]",0.04477928818343769,"{""learning_rate"": 0.029182125323999664, ""max_depth"": 4, ""max_features"": ""log2"", ""min_samples_leaf"": 43, ""n_estimators"": 320, ""subsample"": 0.7439144629601737}",COMPLETE,0.49406788577176836
101,0.479092566622796,2026-09-28 13:08:39.015658,2026-09-28 13:08:39.933006,0 days 00:00:00.917348,0.01805041693681497,4,log2,45,330,0.7504111000979425,"[0.435, 0.464, 0.453, 0.544, 0.5]",0.038781534970009225,"{""learning_rate"": 0.01805041693681497, ""max_depth"": 4, ""max_features"": ""log2"", ""min_samples_leaf"": 45, ""n_estimators"": 330, ""subsample"": 0.7504111000979425}",COMPLETE,0.49406788577176836
102,0.48390469443477596,2026-09-28 13:08:39.933029,2026-09-28 13:08:40.645687,0 days 00:00:00.712658,0.020133588128936404,4,log2,73,280,0.6581713492958922,"[0.432, 0.464, 0.479, 0.556, 0.488]",0.04077599833624637,"{""learning_rate"": 0.020133588128936404, ""max_depth"": 4, ""max_features"": ""log2"", ""min_samples_leaf"": 73, ""n_estimators"": 280, ""subsample"": 0.6581713492958922}",COMPLETE,0.49406788577176836
103,0.498447370260864,2026-09-28 13:08:40.645711,2026-09-28 13:08:41.449359,0 days 00:00:00.803648,0.022244754224214267,4,log2,71,310,0.7575502258035706,"[0.5, 0.47, 0.484, 0.552, 0.486]",0.02852007823546501,"{""learning_rate"": 0.022244754224214267, ""max_depth"": 4, ""max_features"": ""log2"", ""min_samples_leaf"": 71, ""n_estimators"": 310, ""subsample"": 0.7575502258035706}",COMPLETE,0.498447370260864
104,0.46971651965053907,2026-09-28 13:08:41.449383,2026-09-28 13:08:41.982755,0 days 00:00:00.533372,0.017327721063323438,4,log2,77,220,0.6904184742475072,"[0.401, 0.47, 0.453, 0.54, 0.485]",0.04534040269450663,"{""learning_rate"": 0.017327721063323438, ""max_depth"": 4, ""max_features"": ""log2"", ""min_samples_leaf"": 77, ""n_estimators"": 220, ""subsample"": 0.6904184742475072}",COMPLETE,0.498447370260864
105,0.47685503889875785,2026-09-28 13:08:41.982781,2026-09-28 13:08:43.037308,0 days 00:00:01.054527,0.014159025272855915,5,log2,49,350,0.7377624266311024,"[0.44, 0.454, 0.474, 0.537, 0.48]",0.0331160214921626,"{""learning_rate"": 0.014159025272855915, ""max_depth"": 5, ""max_features"": ""log2"", ""min_samples_leaf"": 49, ""n_estimators"": 350, ""subsample"": 0.7377624266311024}",COMPLETE,0.498447370260864
106,0.474921424335378,2026-09-28 13:08:43.037332,2026-09-28 13:08:43.872695,0 days 00:00:00.835363,0.022583695565963614,4,log2,45,310,0.7228108069480704,"[0.427, 0.446, 0.477, 0.548, 0.477]",0.04122014114598009,"{""learning_rate"": 0.022583695565963614, ""max_depth"": 4, ""max_features"": ""log2"", ""min_samples_leaf"": 45, ""n_estimators"": 310, ""subsample"": 0.7228108069480704}",COMPLETE,0.498447370260864
107,0.48926238142923595,2026-09-28 13:08:43.872719,2026-09-28 13:08:44.644942,0 days 00:00:00.772223,0.019482743858426924,4,log2,60,300,0.7028794158034586,"[0.459, 0.474, 0.493, 0.542, 0.479]",0.028686878814246662,"{""learning_rate"": 0.019482743858426924, ""max_depth"": 4, ""max_features"": ""log2"", ""min_samples_leaf"": 60, ""n_estimators"": 300, ""subsample"": 0.7028794158034586}",COMPLETE,0.498447370260864
108,0.4926020615321372,2026-09-28 13:08:44.644966,2026-09-28 13:08:45.418341,0 days 00:00:00.773375,0.015380746534785264,4,log2,64,310,0.7342935873944944,"[0.465, 0.484, 0.489, 0.528, 0.497]",0.020669057539468173,"{""learning_rate"": 0.015380746534785264, ""max_depth"": 4, ""max_features"": ""log2"", ""min_samples_leaf"": 64, ""n_estimators"": 310, ""subsample"": 0.7342935873944944}",COMPLETE,0.498447370260864
109,0.4831567318873458,2026-09-28 13:08:45.418368,2026-09-28 13:08:46.300171,0 days 00:00:00.881803,0.032448257320014696,4,log2,66,350,0.7328470782501861,"[0.463, 0.449, 0.465, 0.541, 0.498]",0.0330078309457553,"{""learning_rate"": 0.032448257320014696, ""max_depth"": 4, ""max_features"": ""log2"", ""min_samples_leaf"": 66, ""n_estimators"": 350, ""subsample"": 0.7328470782501861}",COMPLETE,0.498447370260864
110,0.4836871368430954,2026-09-28 13:08:46.300195,2026-09-28 13:08:47.107931,0 days 00:00:00.807736,0.01613177224309624,4,log2,56,300,0.7221458646061942,"[0.447, 0.475, 0.47, 0.53, 0.496]",0.02800935015392202,"{""learning_rate"": 0.01613177224309624, ""max_depth"": 4, ""max_features"": ""log2"", ""min_samples_leaf"": 56, ""n_estimators"": 300, ""subsample"": 0.7221458646061942}",COMPLETE,0.498447370260864
111,0.41029217570638216,2026-09-28 13:08:47.107958,2026-09-28 13:08:47.840337,0 days 00:00:00.732379,0.02392937680857196,4,log2,93,320,0.6918391389653062,"[0.127, 0.477, 0.447, 0.527, 0.473]",0.1442137684548299,"{""learning_rate"": 0.02392937680857196, ""max_depth"": 4, ""max_features"": ""log2"", ""min_samples_leaf"": 93, ""n_estimators"": 320, ""subsample"": 0.6918391389653062}",COMPLETE,0.498447370260864
112,0.487333404591434,2026-09-28 13:08:47.840362,2026-09-28 13:08:48.696292,0 days 00:00:00.855930,0.01633450530323191,4,log2,79,330,0.7758869085951525,"[0.471, 0.457, 0.469, 0.542, 0.498]",0.03044614828402943,"{""learning_rate"": 0.01633450530323191, ""max_depth"": 4, ""max_features"": ""log2"", ""min_samples_leaf"": 79, ""n_estimators"": 330, ""subsample"": 0.7758869085951525}",COMPLETE,0.498447370260864
113,0.4633593596900371,2026-09-28 13:08:48.696318,2026-09-28 13:08:49.326723,0 days 00:00:00.630405,0.034535100774879514,4,log2,49,230,0.6974327729178513,"[0.408, 0.458, 0.439, 0.534, 0.478]",0.042259781649823615,"{""learning_rate"": 0.034535100774879514, ""max_depth"": 4, ""max_features"": ""log2"", ""min_samples_leaf"": 49, ""n_estimators"": 230, ""subsample"": 0.6974327729178513}",COMPLETE,0.498447370260864
114,0.4802951214855352,2026-09-28 13:08:49.326749,2026-09-28 13:08:49.975684,0 days 00:00:00.648935,0.02298115027364953,4,log2,79,260,0.7540567063335933,"[0.463, 0.446, 0.469, 0.533, 0.491]",0.0299271993846293,"{""learning_rate"": 0.02298115027364953, ""max_depth"": 4, ""max_features"": ""log2"", ""min_samples_leaf"": 79, ""n_estimators"": 260, ""subsample"": 0.7540567063335933}",COMPLETE,0.498447370260864
115,0.46773057936594054,2026-09-28 13:08:49.975709,2026-09-28 13:08:50.585001,0 days 00:00:00.609292,0.013664146500412583,4,log2,56,230,0.6993411425239975,"[0.426, 0.46, 0.459, 0.527, 0.468]",0.03268912528724004,"{""learning_rate"": 0.013664146500412583, ""max_depth"": 4, ""max_features"": ""log2"", ""min_samples_leaf"": 56, ""n_estimators"": 230, ""subsample"": 0.6993411425239975}",COMPLETE,0.498447370260864
116,0.48095860464955653,2026-09-28 13:08:50.585025,2026-09-28 13:08:51.305430,0 days 00:00:00.720405,0.018041617662762816,4,log2,81,280,0.7843118676484591,"[0.462, 0.456, 0.469, 0.529, 0.489]",0.026658420850444658,"{""learning_rate"": 0.018041617662762816, ""max_depth"": 4, ""max_features"": ""log2"", ""min_samples_leaf"": 81, ""n_estimators"": 280, ""subsample"": 0.7843118676484591}",COMPLETE,0.498447370260864
117,0.47614451829647,2026-09-28 13:08:51.305457,2026-09-28 13:08:52.171236,0 days 00:00:00.865779,0.017554738895588392,4,log2,61,320,0.7878032753485447,"[0.413, 0.479, 0.475, 0.537, 0.478]",0.03931502239875074,"{""learning_rate"": 0.017554738895588392, ""max_depth"": 4, ""max_features"": ""log2"", ""min_samples_leaf"": 61, ""n_estimators"": 320, ""subsample"": 0.7878032753485447}",COMPLETE,0.498447370260864
118,0.4941918090631817,2026-09-28 13:08:52.171260,2026-09-28 13:08:52.998748,0 days 00:00:00.827488,0.027997908818828597,4,log2,74,320,0.7533596362948453,"[0.468, 0.478, 0.478, 0.561, 0.486]",0.03398122313778224,"{""learning_rate"": 0.027997908818828597, ""max_depth"": 4, ""max_features"": ""log2"", ""min_samples_leaf"": 74, ""n_estimators"": 320, ""subsample"": 0.7533596362948453}",COMPLETE,0.498447370260864
119,0.49187093489084477,2026-09-28 13:08:52.998775,2026-09-28 13:08:53.761358,0 days 00:00:00.762583,0.020978725765102037,4,log2,52,290,0.6956849060107086,"[0.447, 0.477, 0.495, 0.551, 0.49]",0.03398324446472662,"{""learning_rate"": 0.020978725765102037, ""max_depth"": 4, ""max_features"": ""log2"", ""min_samples_leaf"": 52, ""n_estimators"": 290, ""subsample"": 0.6956849060107086}",COMPLETE,0.498447370260864
120,0.4938695270581852,2026-09-28 13:08:53.761383,2026-09-28 13:08:54.586659,0 days 00:00:00.825276,0.017985384523931742,4,log2,66,330,0.7127258828342928,"[0.483, 0.47, 0.487, 0.541, 0.487]",0.024584647032443955,"{""learning_rate"": 0.017985384523931742, ""max_depth"": 4, ""max_features"": ""log2"", ""min_samples_leaf"": 66, ""n_estimators"": 330, ""subsample"": 0.7127258828342928}",COMPLETE,0.498447370260864
121,0.4747006633194209,2026-09-28 13:08:54.586685,2026-09-28 13:08:55.429793,0 days 00:00:00.843108,0.022925408946550787,4,log2,61,320,0.783442890954505,"[0.429, 0.456, 0.468, 0.542, 0.479]",0.03762191393349733,"{""learning_rate"": 0.022925408946550787, ""max_depth"": 4, ""max_features"": ""log2"", ""min_samples_leaf"": 61, ""n_estimators"": 320, ""subsample"": 0.783442890954505}",COMPLETE,0.498447370260864
122,0.4834205908304868,2026-09-28 13:08:55.429817,2026-09-28 13:08:56.231966,0 days 00:00:00.802149,0.0401436543515838,4,log2,51,300,0.7243474985804774,"[0.446, 0.436, 0.471, 0.55, 0.514]",0.042800500604760545,"{""learning_rate"": 0.0401436543515838, ""max_depth"": 4, ""max_features"": ""log2"", ""min_samples_leaf"": 51, ""n_estimators"": 300, ""subsample"": 0.7243474985804774}",COMPLETE,0.498447370260864
123,0.48931754103648506,2026-09-28 13:08:56.231991,2026-09-28 13:08:57.176354,0 days 00:00:00.944363,0.027647746665776494,4,log2,73,370,0.7556454943371217,"[0.469, 0.461, 0.482, 0.54, 0.495]",0.027851389041105703,"{""learning_rate"": 0.027647746665776494, ""max_depth"": 4, ""max_features"": ""log2"", ""min_samples_leaf"": 73, ""n_estimators"": 370, ""subsample"": 0.7556454943371217}",COMPLETE,0.498447370260864
124,0.40582901264096316,2026-09-28 13:08:57.176384,2026-09-28 13:08:57.928442,0 days 00:00:00.752058,0.01704693940135872,4,log2,100,330,0.7053489621445892,"[0.127, 0.478, 0.433, 0.522, 0.471]",0.1424821796147845,"{""learning_rate"": 0.01704693940135872, ""max_depth"": 4, ""max_features"": ""log2"", ""min_samples_leaf"": 100, ""n_estimators"": 330, ""subsample"": 0.7053489621445892}",COMPLETE,0.498447370260864
125,0.4877661182654336,2026-09-28 13:08:57.928467,2026-09-28 13:08:58.701324,0 days 00:00:00.772857,0.016848095156083383,4,log2,60,310,0.6834772657804645,"[0.461, 0.465, 0.487, 0.547, 0.479]",0.031119913095535683,"{""learning_rate"": 0.016848095156083383, ""max_depth"": 4, ""max_features"": ""log2"", ""min_samples_leaf"": 60, ""n_estimators"": 310, ""subsample"": 0.6834772657804645}",COMPLETE,0.498447370260864
126,0.48227209418626626,2026-09-28 13:08:58.701349,2026-09-28 13:08:59.463899,0 days 00:00:00.762550,0.030322543334057237,4,log2,80,320,0.6798015151092643,"[0.441, 0.467, 0.461, 0.542, 0.499]",0.03540876023509139,"{""learning_rate"": 0.030322543334057237, ""max_depth"": 4, ""max_features"": ""log2"", ""min_samples_leaf"": 80, ""n_estimators"": 320, ""subsample"": 0.6798015151092643}",COMPLETE,0.498447370260864
127,0.4853878405922945,2026-09-28 13:08:59.463923,2026-09-28 13:09:00.299768,0 days 00:00:00.835845,0.028858985521535756,4,log2,82,320,0.7836423981587444,"[0.452, 0.447, 0.479, 0.556, 0.492]",0.03913732876610248,"{""learning_rate"": 0.028858985521535756, ""max_depth"": 4, ""max_features"": ""log2"", ""min_samples_leaf"": 82, ""n_estimators"": 320, ""subsample"": 0.7836423981587444}",COMPLETE,0.498447370260864
128,0.47836352540879884,2026-09-28 13:09:00.299797,2026-09-28 13:09:01.190680,0 days 00:00:00.890883,0.01493901152029281,4,log2,79,370,0.7052468219919503,"[0.427, 0.469, 0.467, 0.528, 0.5]",0.034080495086733054,"{""learning_rate"": 0.01493901152029281, ""max_depth"": 4, ""max_features"": ""log2"", ""min_samples_leaf"": 79, ""n_estimators"": 370, ""subsample"": 0.7052468219919503}",COMPLETE,0.498447370260864
129,0.4894051190756012,2026-09-28 13:09:01.190705,2026-09-28 13:09:02.144356,0 days 00:00:00.953651,0.02331262924764764,4,log2,80,380,0.7371257022594446,"[0.445, 0.459, 0.48, 0.56, 0.502]",0.040301641614249414,"{""learning_rate"": 0.02331262924764764, ""max_depth"": 4, ""max_features"": ""log2"", ""min_samples_leaf"": 80, ""n_estimators"": 380, ""subsample"": 0.7371257022594446}",COMPLETE,0.498447370260864
130,0.4849707444286359,2026-09-28 13:09:02.144387,2026-09-28 13:09:03.170398,0 days 00:00:01.026011,0.026274754870811497,4,log2,76,400,0.7480965911653159,"[0.449, 0.455, 0.467, 0.561, 0.492]",0.04089817255971164,"{""learning_rate"": 0.026274754870811497, ""max_depth"": 4, ""max_features"": ""log2"", ""min_samples_leaf"": 76, ""n_estimators"": 400, ""subsample"": 0.7480965911653159}",COMPLETE,0.498447370260864
131,0.4218704791416622,2026-09-28 13:09:03.170445,2026-09-28 13:09:04.080919,0 days 00:00:00.910474,0.02367832060788877,4,log2,92,380,0.7241628584940517,"[0.127, 0.482, 0.459, 0.547, 0.495]",0.15052206590301206,"{""learning_rate"": 0.02367832060788877, ""max_depth"": 4, ""max_features"": ""log2"", ""min_samples_leaf"": 92, ""n_estimators"": 380, ""subsample"": 0.7241628584940517}",COMPLETE,0.498447370260864
132,0.4248411323159801,2026-09-28 13:09:04.080952,2026-09-28 13:09:04.973426,0 days 00:00:00.892474,0.0262109512448258,4,log2,97,370,0.7648450203321174,"[0.127, 0.474, 0.473, 0.543, 0.508]",0.15134154484098108,"{""learning_rate"": 0.0262109512448258, ""max_depth"": 4, ""max_features"": ""log2"", ""min_samples_leaf"": 97, ""n_estimators"": 370, ""subsample"": 0.7648450203321174}",COMPLETE,0.498447370260864
133,0.4863666138857665,2026-09-28 13:09:04.973451,2026-09-28 13:09:05.773007,0 days 00:00:00.799556,0.022384128067068087,4,log2,78,310,0.7657740939376905,"[0.47, 0.453, 0.469, 0.541, 0.5]",0.03119579229500841,"{""learning_rate"": 0.022384128067068087, ""max_depth"": 4, ""max_features"": ""log2"", ""min_samples_leaf"": 78, ""n_estimators"": 310, ""subsample"": 0.7657740939376905}",COMPLETE,0.498447370260864
134,0.48113941281873024,2026-09-28 13:09:05.773045,2026-09-28 13:09:06.759999,0 days 00:00:00.986954,0.029212734974073604,4,log2,62,340,0.8123214224430173,"[0.435, 0.462, 0.488, 0.534, 0.487]",0.033030164998839616,"{""learning_rate"": 0.029212734974073604, ""max_depth"": 4, ""max_features"": ""log2"", ""min_samples_leaf"": 62, ""n_estimators"": 340, ""subsample"": 0.8123214224430173}",COMPLETE,0.498447370260864
135,0.4802358297215189,2026-09-28 13:09:06.760023,2026-09-28 13:09:07.710303,0 days 00:00:00.950280,0.030082444707463664,4,log2,76,390,0.6966495308902938,"[0.428, 0.476, 0.482, 0.531, 0.485]",0.032770638369027875,"{""learning_rate"": 0.030082444707463664, ""max_depth"": 4, ""max_features"": ""log2"", ""min_samples_leaf"": 76, ""n_estimators"": 390, ""subsample"": 0.6966495308902938}",COMPLETE,0.498447370260864
136,0.48045829678938945,2026-09-28 13:09:07.710336,2026-09-28 13:09:08.450683,0 days 00:00:00.740347,0.02854848069520433,4,log2,72,290,0.7448308201070797,"[0.46, 0.455, 0.47, 0.536, 0.482]",0.029210675382839637,"{""learning_rate"": 0.02854848069520433, ""max_depth"": 4, ""max_features"": ""log2"", ""min_samples_leaf"": 72, ""n_estimators"": 290, ""subsample"": 0.7448308201070797}",COMPLETE,0.498447370260864
137,0.4806480638443643,2026-09-28 13:09:08.450708,2026-09-28 13:09:09.291958,0 days 00:00:00.841250,0.015353673389664247,4,log2,43,310,0.6944139828793813,"[0.431, 0.448, 0.487, 0.536, 0.501]",0.03777115437631848,"{""learning_rate"": 0.015353673389664247, ""max_depth"": 4, ""max_features"": ""log2"", ""min_samples_leaf"": 43, ""n_estimators"": 310, ""subsample"": 0.6944139828793813}",COMPLETE,0.498447370260864
138,0.48982726716728237,2026-09-28 13:09:09.291982,2026-09-28 13:09:10.098686,0 days 00:00:00.806704,0.026503332656312488,4,log2,79,300,0.8232054163749212,"[0.478, 0.458, 0.486, 0.538, 0.489]",0.026337881286666157,"{""learning_rate"": 0.026503332656312488, ""max_depth"": 4, ""max_features"": ""log2"", ""min_samples_leaf"": 79, ""n_estimators"": 300, ""subsample"": 0.8232054163749212}",COMPLETE,0.498447370260864
139,0.48610774476725715,2026-09-28 13:09:10.098717,2026-09-28 13:09:11.052607,0 days 00:00:00.953890,0.019271646949770894,4,log2,70,340,0.8291380269609713,"[0.447, 0.459, 0.487, 0.537, 0.5]",0.03172400555493601,"{""learning_rate"": 0.019271646949770894, ""max_depth"": 4, ""max_features"": ""log2"", ""min_samples_leaf"": 70, ""n_estimators"": 340, ""subsample"": 0.8291380269609713}",COMPLETE,0.498447370260864
140,0.47519543955584276,2026-09-28 13:09:11.052634,2026-09-28 13:09:11.819744,0 days 00:00:00.767110,0.013935196177193333,4,log2,84,310,0.7456823889336963,"[0.412, 0.472, 0.471, 0.529, 0.492]",0.037783356489578056,"{""learning_rate"": 0.013935196177193333, ""max_depth"": 4, ""max_features"": ""log2"", ""min_samples_leaf"": 84, ""n_estimators"": 310, ""subsample"": 0.7456823889336963}",COMPLETE,0.498447370260864
141,0.4858130441734588,2026-09-28 13:09:11.819769,2026-09-28 13:09:12.647997,0 days 00:00:00.828228,0.017014427968044903,4,log2,59,290,0.8111621599797252,"[0.438, 0.468, 0.485, 0.534, 0.505]",0.03247250266712263,"{""learning_rate"": 0.017014427968044903, ""max_depth"": 4, ""max_features"": ""log2"", ""min_samples_leaf"": 59, ""n_estimators"": 290, ""subsample"": 0.8111621599797252}",COMPLETE,0.498447370260864
142,0.4816384577286724,2026-09-28 13:09:12.648022,2026-09-28 13:09:13.548173,0 days 00:00:00.900151,0.016330508361943892,4,log2,60,350,0.7129238756889239,"[0.412, 0.467, 0.485, 0.542, 0.502]",0.042906369523312136,"{""learning_rate"": 0.016330508361943892, ""max_depth"": 4, ""max_features"": ""log2"", ""min_samples_leaf"": 60, ""n_estimators"": 350, ""subsample"": 0.7129238756889239}",COMPLETE,0.498447370260864
143,0.48593688260172047,2026-09-28 13:09:13.548198,2026-09-28 13:09:14.412429,0 days 00:00:00.864231,0.02888012854593168,4,log2,82,320,0.856741924462472,"[0.47, 0.454, 0.465, 0.553, 0.488]",0.03524726710572737,"{""learning_rate"": 0.02888012854593168, ""max_depth"": 4, ""max_features"": ""log2"", ""min_samples_leaf"": 82, ""n_estimators"": 320, ""subsample"": 0.856741924462472}",COMPLETE,0.498447370260864
144,0.48293437059397065,2026-09-28 13:09:14.412453,2026-09-28 13:09:15.271761,0 days 00:00:00.859308,0.028336236440108263,4,log2,61,320,0.7524717695021808,"[0.437, 0.467, 0.487, 0.55, 0.474]",0.037260272057963686,"{""learning_rate"": 0.028336236440108263, ""max_depth"": 4, ""max_features"": ""log2"", ""min_samples_leaf"": 61, ""n_estimators"": 320, ""subsample"": 0.7524717695021808}",COMPLETE,0.498447370260864
145,0.48065343192027166,2026-09-28 13:09:15.271785,2026-09-28 13:09:16.232226,0 days 00:00:00.960441,0.021689759538422334,4,log2,59,360,0.7333664616438369,"[0.427, 0.46, 0.484, 0.544, 0.488]",0.038243891193765235,"{""learning_rate"": 0.021689759538422334, ""max_depth"": 4, ""max_features"": ""log2"", ""min_samples_leaf"": 59, ""n_estimators"": 360, ""subsample"": 0.7333664616438369}",COMPLETE,0.498447370260864
146,0.4841002810137229,2026-09-28 13:09:16.232251,2026-09-28 13:09:16.961970,0 days 00:00:00.729719,0.018023513162120416,4,log2,56,270,0.6906374438835816,"[0.432, 0.487, 0.479, 0.544, 0.48]",0.03547622878564505,"{""learning_rate"": 0.018023513162120416, ""max_depth"": 4, ""max_features"": ""log2"", ""min_samples_leaf"": 56, ""n_estimators"": 270, ""subsample"": 0.6906374438835816}",COMPLETE,0.498447370260864
147,0.47222999835836943,2026-09-28 13:09:16.961996,2026-09-28 13:09:17.993723,0 days 00:00:01.031727,0.033621337761541185,4,log2,62,380,0.7670511052422673,"[0.435, 0.44, 0.46, 0.529, 0.497]",0.03600932895473583,"{""learning_rate"": 0.033621337761541185, ""max_depth"": 4, ""max_features"": ""log2"", ""min_samples_leaf"": 62, ""n_estimators"": 380, ""subsample"": 0.7670511052422673}",COMPLETE,0.498447370260864
148,0.48300942102142147,2026-09-28 13:09:17.993748,2026-09-28 13:09:18.836496,0 days 00:00:00.842748,0.021821155721532006,4,log2,93,320,0.7987073406329742,"[0.435, 0.459, 0.486, 0.542, 0.493]",0.03585260767556986,"{""learning_rate"": 0.021821155721532006, ""max_depth"": 4, ""max_features"": ""log2"", ""min_samples_leaf"": 93, ""n_estimators"": 320, ""subsample"": 0.7987073406329742}",COMPLETE,0.498447370260864
149,0.477711931482796,2026-09-28 13:09:18.836523,2026-09-28 13:09:19.754870,0 days 00:00:00.918347,0.039704083894339895,4,log2,85,350,0.761103518531988,"[0.449, 0.439, 0.463, 0.543, 0.493]",0.037437023212150644,"{""learning_rate"": 0.039704083894339895, ""max_depth"": 4, ""max_features"": ""log2"", ""min_samples_leaf"": 85, ""n_estimators"": 350, ""subsample"": 0.761103518531988}",COMPLETE,0.498447370260864
