year,month,0,1,day,3,4,5,6,7,8,9,10,11,12,13,14,15,16,17,18,19,20
2021,12,1,996.5,997.0,9.0,2.5,1.5,7.6,13.7,1.4,68,49,7.2,13.4,西南西,24.2,西南西,0.8,--,--,雨後みぞれ時々曇,雪一時みぞれ
2021,12,2,1008.8,1009.3,5.0,1.0,0.5,1.8,6.5,-1.2,75,48,8.1,14.3,西南西,24.7,西南西,0.4,3,3,雪後時々曇、みぞれを伴う,晴後雨時々曇、みぞれを伴う
2021,12,3,1009.1,1009.6,6.0,2.5,1.5,8.4,13.7,5.2,73,41,6.0,10.7,南南西,17.5,南南西,7.6,--,1,雨時々晴一時曇,雨後曇時々みぞれ
2021,12,4,1012.7,1013.2,19.5,3.5,1.0,1.8,5.6,-0.9,87,59,3.1,6.8,西北西,11.3,西,0.6,18,17,みぞれ時々曇一時雨後時々雪,雪、雷を伴う
2021,12,5,1027.6,1028.1,2.5,1.0,0.5,1.0,2.7,-1.2,84,73,4.2,8.0,西,13.1,西北西,0.2,2,19,雪時々曇,曇
2021,12,6,1028.0,1028.5,0.0,0.0,0.0,4.7,9.3,1.5,81,58,2.4,4.8,南,7.2,南,5.1,--,12,晴時々曇,曇時々晴一時雨
2021,12,7,1024.3,1024.8,0.0,0.0,0.0,7.8,11.6,2.7,86,73,2.2,4.7,北東,6.9,東北東,4.9,--,3,曇時々晴,曇後時々雨
2021,12,8,1026.0,1026.5,0.0,0.0,0.0,7.4,9.5,2.2,73,58,3.3,6.6,北東,9.8,北東,0.0,--,--,曇,曇後一時晴
2021,12,9,1030.5,1031.0,--,--,--,4.1,11.3,-0.3,79,49,1.9,4.8,東北東,6.7,東北東,8.5,--,--,晴,晴
2021,12,10,1025.3,1025.8,--,--,--,3.0,9.1,-2.1,82,61,1.7,2.8,南西,3.6,南西,7.5,--,--,晴後時々曇,曇時々晴
2021,12,11,1019.9,1020.4,0.5,0.5,0.5,6.2,11.4,0.2,78,57,3.1,7.5,西,11.2,西,0.9,--,--,曇時々晴一時雨,曇時々晴
2021,12,12,1009.7,1010.2,7.5,2.0,1.0,7.4,10.6,1.8,77,62,4.4,9.2,西南西,16.9,西南西,0.4,--,--,雨時々曇,雨時々みぞれ後雪一時曇
2021,12,13,1009.7,1010.2,9.5,2.5,1.0,-0.1,2.7,-2.7,76,49,8.9,14.2,西,22.1,西南西,0.4,9,7,雪,雪時々曇、みぞれを伴う
2021,12,14,1016.3,1016.8,2.0,1.5,0.5,4.6,6.6,1.2,72,57,4.7,7.8,南西,11.7,西南西,0.9,--,6,みぞれ後雨時々曇,雨一時晴
2021,12,15,1014.8,1015.3,7.5,4.5,1.0,5.4,8.1,3.1,81,58,4.0,8.4,西南西,13.7,西南西,0.3,--,--,雨時々曇,雨後曇時々みぞれ一時晴
2021,12,16,1014.7,1015.2,0.5,0.5,0.5,4.5,5.9,3.1,85,66,1.7,4.5,西北西,6.8,南西,0.0,--,--,雨時々曇,雨時々曇
2021,12,17,999.9,1000.4,4.5,2.0,1.0,3.3,7.5,-3.0,84,55,4.0,9.2,北北西,18.3,北西,0.0,--,--,雨後曇時々雪一時みぞれ,雪時々曇
2021,12,18,1007.8,1008.3,12.0,2.5,1.0,-4.1,-2.1,-5.4,86,61,5.8,9.3,西,15.4,西,0.0,19,18,雪,雪時々曇
2021,12,19,1010.5,1011.0,19.0,4.5,1.5,-1.2,0.3,-3.0,91,78,3.6,7.2,南南西,10.7,南南西,0.2,25,39,雪,雪
2021,12,20,1012.6,1013.1,7.0,2.0,1.0,0.2,3.1,-1.3,88,69,4.2,8.3,南西,13.3,南西,1.7,6,41,雪後一時曇一時晴、みぞれを伴う,みぞれ時々曇一時雪
2021,12,21,1007.2,1007.7,6.0,2.0,1.5,3.3,7.9,-1.2,84,58,3.3,8.3,西,15.3,西,2.1,--,35,雨後曇時々晴、雷を伴う,みぞれ時々雨後雪一時曇
2021,12,22,1014.1,1014.6,2.5,1.5,0.5,-1.0,2.8,-2.1,79,58,5.9,9.4,西,17.2,西,0.5,7,21,雪時々曇,雪時々晴一時曇
2021,12,23,1019.7,1020.2,1.5,0.5,0.5,-0.5,1.1,-1.8,84,70,5.1,9.2,南西,13.3,南西,0.7,4,22,雪時々曇,雪時々曇一時晴
2021,12,24,1019.1,1019.6,13.0,3.5,1.5,-1.6,-0.3,-3.1,91,74,2.6,5.1,北西,7.4,西北西,0.0,18,36,雪,雪
2021,12,25,1010.8,1011.3,9.5,2.0,0.5,-4.4,-2.5,-7.3,88,61,4.3,8.5,西,14.5,西南西,0.0,21,54,雪,雪
2021,12,26,1008.6,1009.1,9.0,2.5,1.0,-4.7,-0.8,-7.6,77,44,5.6,10.0,北北西,15.3,西南西,2.1,13,56,雪時々曇一時晴,雪時々曇
2021,12,27,1010.9,1011.4,49.5,5.5,1.5,-4.8,-3.8,-5.4,92,83,3.4,7.0,西南西,11.4,西南西,0.0,52,107,大雪,大雪
2021,12,28,1017.7,1018.2,18.5,4.5,1.0,-3.6,-1.6,-5.3,87,72,4.6,8.6,西南西,12.8,南西,0.5,12,111,雪時々曇,雪時々曇一時晴
2021,12,29,1014.3,1014.8,0.5,0.5,0.5,1.2,4.0,-2.1,82,68,3.4,6.8,南南西,9.4,南南西,0.8,--,101,曇時々雪後みぞれ,みぞれ時々曇一時晴
2021,12,30,1007.4,1007.9,2.0,0.5,0.5,0.4,3.3,-3.9,84,65,3.5,7.2,西南西,11.1,西,2.0,3,79,曇一時晴後雪、みぞれを伴う,雪
2021,12,31,1008.4,1008.9,6.5,1.5,0.5,-5.7,-3.5,-6.9,82,58,5.2,8.6,西,15.0,西北西,0.0,10,78,雪,雪
