year,month,0,1,day,3,4,5,6,7,8,9,10,11,12,13,14,15,16,17
2021,9,1,0.0,0.0,0.0,19.6,24.8,15.0,77,54,1.6,4.4,北,7.4,北,北,5.0,0,0
2021,9,2,0.0,0.0,0.0,20.2,26.9,14.6,77,53,1.8,4.3,北北東,7.1,北,南南西,11.2,0,0
2021,9,3,0.0,0.0,0.0,20.3,27.8,14.4,73,37,2.0,4.4,南東,8.7,東南東,南西,10.0,0,0
2021,9,4,0.0,0.0,0.0,19.5,25.3,14.3,73,46,2.3,5.4,東南東,10.4,南南東,東南東,3.9,0,0
2021,9,5,0.0,0.0,0.0,18.9,25.9,13.5,74,43,2.2,4.5,東南東,9.8,南南東,南西,6.7,0,0
2021,9,6,0.0,0.0,0.0,17.7,24.3,11.9,76,52,1.7,3.7,北東,7.7,北東,南西,9.4,0,0
2021,9,7,0.0,0.0,0.0,18.0,25.2,11.3,73,39,1.9,4.2,東南東,8.8,南東,東南東,10.0,0,0
2021,9,8,1.5,1.5,1.0,17.8,21.1,14.4,80,60,1.3,3.0,東,5.1,東,南西,0.0,0,0
2021,9,9,17.0,7.0,3.5,21.1,28.4,16.2,90,63,1.3,3.7,西南西,6.9,西南西,南東,2.1,0,0
2021,9,10,0.0,0.0,0.0,21.0,26.8,17.3,85,58,1.3,3.7,北,6.5,北,南西,5.3,0,0
2021,9,11,0.0,0.0,0.0,21.6,28.3,16.3,83,57,1.6,4.1,北,6.8,北,南西,11.0,0,0
2021,9,12,1.0,0.5,0.5,21.1,28.5,16.5,80,52,2.0,4.9,南南西,9.7,南,南西,7.3,0,0
2021,9,13,0.0,0.0,0.0,19.6,24.1,16.7,75,51,2.2,4.7,北西,9.6,西北西,北西,4.9,0,0
2021,9,14,0.5,0.5,0.5,17.5,22.9,14.3,81,55,1.4,3.3,北東,6.1,北北東,南西,6.6,0,0
2021,9,15,0.0,0.0,0.0,17.2,23.7,12.9,80,54,1.8,4.9,北東,9.2,北東,北東,7.2,0,0
2021,9,16,0.0,0.0,0.0,17.8,24.3,11.7,73,49,2.2,4.3,東南東,8.7,東南東,東南東,9.6,0,0
2021,9,17,1.0,1.0,0.5,18.8,25.4,13.7,80,51,1.4,4.1,北東,6.9,北東,北東,3.7,0,0
2021,9,18,10.5,3.0,1.0,18.7,21.8,16.3,96,84,1.0,2.9,北,5.2,北東,南西,0.0,0,0
2021,9,19,0.0,0.0,0.0,19.3,25.8,13.4,80,52,1.7,4.4,北,8.2,北,北,11.1,0,0
2021,9,20,0.0,0.0,0.0,18.9,25.8,14.0,77,53,1.5,3.7,北,6.2,北,南西,9.9,0,0
2021,9,21,0.0,0.0,0.0,20.6,29.3,13.5,75,32,1.3,3.3,南南西,5.9,南,南西,9.8,0,0
2021,9,22,0.5,0.5,0.5,21.9,28.5,15.4,79,45,1.5,4.7,南南西,8.2,南南西,南南西,3.9,0,0
2021,9,23,0.5,0.5,0.5,21.3,26.7,17.1,80,54,1.9,5.5,南,10.1,南西,南西,5.1,0,0
2021,9,24,3.0,1.5,1.0,18.2,22.2,15.1,86,62,2.0,4.7,西北西,9.6,西北西,北西,1.2,0,0
2021,9,25,0.0,0.0,0.0,16.4,23.1,11.7,80,52,1.5,4.1,北北東,7.1,北北東,北北東,11.2,0,0
2021,9,26,0.0,0.0,0.0,17.1,24.9,10.9,77,45,1.5,3.5,東,6.5,東,南南西,8.2,0,0
2021,9,27,0.0,0.0,0.0,17.6,25.8,10.8,76,38,1.4,3.5,北北西,7.3,北,南南西,11.0,0,0
2021,9,28,0.0 ],0.0 ],0.0 ],17.0 ),25.0 ],12.7 ],83 ),48 ],1.5,2.9,東南東,5.5,東,南西,9.3,0,0
2021,9,29,0.0,0.0,0.0,19.7,28.1,12.8,76,41,1.4,3.8,南東,7.5,南東,南西,8.0,0,0
2021,9,30,10.5,10.0,5.0,21.9,25.3,18.9,80,57,2.2,4.8,南南西,9.7,南,南,0.0,0,0
